{
  "frame_id": "map",
  "items": [
    {
      "name": "waypoint_1",
      "x": 2.4585180282592773,
      "y": -8.593061447143555,
      "z": -1.7,
      "yaw": -1.1711077639375138
    },
    {
      "name": "waypoint_2",
      "x": -0.18096745014190674,
      "y": -8.542581558227539,
      "z": -1.7,
      "yaw": -2.595612563939429
    },
    {
      "name": "waypoint_3",
      "x": 0.32727229595184326,
      "y": -1.2638018131256104,
      "z": -1.7,
      "yaw": 1.5434626020623532
    }
  ]
}
